VNINDEX,20200604,883.22,883.75,885.14,883.54,882.96,883.9,881.17,888.32,385391930
VNINDEX,20200603,876.73,877.67,876.8,880.19,876.09,881.17,874.01,881.17,310662830
VNINDEX,20200602,879.23,874.75,881.01,874.7,874.53,874.8,874.53,882.73,430693930
VNINDEX,20200601,868.97,875.9,874.3,866.25,872.25,878.67,864.47,878.67,407851730
VNINDEX,20200529,861.59,862.8,866.41,859.73,862.38,864.47,859.26,866.95,273759110
VNINDEX,20200528,858.97,857.9,859.36,857.42,859.61,861.39,856.48,866.17,253773110
VNINDEX,20200527,873.42,857.48,865.53,857.48,857.48,857.48,857.48,875.35,343925020
VNINDEX,20200526,861.47,863.5,864.07,859.95,862.61,869.13,859.04,869.65,298805910
VNINDEX,20200525,852.9,858.45,859.11,852.07,854.36,859.04,849.12,860.45,250961090
VNINDEX,20200522,859.29,852.33,856.16,852.58,852.39,852.74,852.08,860.65,252877780
VNINDEX,20200521,854.93,854.85,859.94,854.45,860.9,862.73,854.04,862.73,293360320
VNINDEX,20200520,843.26,848.01,849.54,851.8,847.1,852.91,842.21,852.91,228599630
VNINDEX,20200519,852.14,845.41,846.76,845.36,844.67,845.92,844.15,854.25,283581220
VNINDEX,20200518,827.49,833.89,827.91,835.11,823.8,837.01,823.08,837.61,217053660
VNINDEX,20200515,835.42,825.77,835.85,825.9,826.73,827.03,824.59,838.47,251261900
VNINDEX,20200514,830.97,832.03,834.41,831.02,830.91,832.4,826.17,836.19,267465830
VNINDEX,20200513,835.32,829.12,826.29,825.12,831.96,834.21,815.13,839.59,329207630
VNINDEX,20200512,827.29,834.9,827.47,820.2,822.25,835.32,819.66,835.95,277858300
VNINDEX,20200511,818.26,826.07,818.35,818.23,817.2,828.33,812.48,828.33,257067600
VNINDEX,20200508,800.32,802.48,810.67,800.59,802.49,813.73,800.2,825.72,327812460
VNINDEX,20200507,785.08,795.39,795.09,795.22,786,796.54,782.59,796.54,206239180
VNINDEX,20200506,767.3,775.2,768.94,774.14,778.46,782.59,765.37,782.59,201354240
VNINDEX,20200505,763.22,760.28,764.98,762.44,761.2,764.16,760.04,767.03,164236570
VNINDEX,20200504,766.14,761.83,768.36,762.26,761.92,762.47,761.64,769.73,247806970
VNINDEX,20200429,768.59,768.62,768.69,768.33,768.44,769.11,767.21,772.62,206643310
VNINDEX,20200428,773.31,766.39,768.86,765.32,765.98,767.21,763.66,776.13,191259410
VNINDEX,20200427,780.65,770.77,775.74,770.77,770.77,770.77,770.77,785.74,249734360
VNINDEX,20200424,777.28,772.4,777.39,776.38,776.64,776.66,767.31,778.3,220832320
VNINDEX,20200423,768.92,769.38,774.89,770.65,773.52,773.91,768.92,785.6,183125870
VNINDEX,20200422,752.8,766.55,763.47,763.39,751.43,768.92,749.97,774.94,216998910
VNINDEX,20200421,794.97,765.75,794.34,764.46,765.96,766.84,761.96,794.97,359054290
VNINDEX,20200420,796.17,790.54,791.27,793.6,789.94,794.97,786.73,797.49,296902980
VNINDEX,20200417,786.96,786.61,788.52,783.96,784.11,789.6,783.74,790.95,259215800
VNINDEX,20200416,773.11,774.59,779.21,772.65,774.59,780.7,770.91,781.06,210855960
VNINDEX,20200415,768.05,769.35,774.48,772.27,773.81,777.22,768.01,779.52,246931990
VNINDEX,20200414,769.01,754.42,762.91,761.72,754.03,767.41,753.85,769.53,220987900
VNINDEX,20200413,762.99,762.97,764.66,765.74,760.78,765.79,757.94,774.62,192714420
VNINDEX,20200410,759.08,756.41,762.89,756.37,757.83,757.94,751.59,764.36,288523650
VNINDEX,20200409,751.08,758.31,764.06,758.01,750,760.33,748.02,765.87,264010370
VNINDEX,20200408,740.03,736.21,743.06,747.07,730.47,748.02,730.12,748.36,197089400
VNINDEX,20200407,744.97,738.59,742.04,732.01,731.7,746.69,730.28,749.13,270016090
VNINDEX,20200406,716.22,723.06,709.51,715.87,729.23,736.75,701.8,736.75,294808670
VNINDEX,20200403,687.92,683.09,685.05,690.16,690.51,701.8,680.23,701.8,189031820
VNINDEX,20200401,658.8,678.8,671.44,678.67,677.67,680.23,657.41,684.96,196877180
VNINDEX,20200331,669.74,655.4,659.88,657.53,650.55,662.53,649.1,678.64,219653380
VNINDEX,20200330,663.91,658.3,660.51,660.99,658.48,662.26,657.36,665.56,186661120
VNINDEX,20200327,692.54,685.05,700.63,689.25,694.98,696.06,682.52,703.22,201217090
VNINDEX,20200326,689,688.14,690.82,681.26,683.44,694.21,680.1,700.76,162568840
VNINDEX,20200325,669.76,684.72,688.13,664.18,675.92,690.25,659.21,690.25,203649540
VNINDEX,20200324,666.59,658.04,658.48,658.11,659.08,659.21,652.27,666.59,201483240
VNINDEX,20200323,694.77,665.24,699.35,664.56,665.34,666.59,664.23,709.73,215575310
VNINDEX,20200320,728.55,709.73,717.01,709.73,709.73,709.73,709.73,729.35,191037210
VNINDEX,20200319,732.35,716.46,717.75,722.7,719.25,725.94,714.02,747.66,299318150
VNINDEX,20200318,747.4,747.18,749.61,742.54,744.59,747.66,742.12,752.65,196989710
VNINDEX,20200317,724.07,725.15,748.14,737.11,734.41,745.78,721.84,750.03,194484800
VNINDEX,20200316,758.28,743.71,757.62,744.99,742.99,747.86,737.58,758.59,214087850
VNINDEX,20200313,750.56,725.2,761.1,723.92,736.94,761.78,723.42,769.25,272120840
VNINDEX,20200312,778.06,763.27,792.99,768.81,762.41,769.25,762.12,811.35,300321120
VNINDEX,20200311,843.52,796.38,810.17,802.22,810.04,811.35,794.54,844.94,267076050
VNINDEX,20200310,813.83,811.21,834.1,825.08,835.99,837.5,806.63,843.28,230832850
VNINDEX,20200309,875.8,835.49,846.8,835.4,834.97,835.49,834.67,891.44,263053320
VNINDEX,20200306,888.96,882.8,887.79,889.26,886.54,891.44,882.71,893.31,167947850
VNINDEX,20200305,892.71,889.82,896.11,890.86,892.48,893.31,889.37,898.43,203361170
VNINDEX,20200304,887.85,885.09,886.75,886.74,888.78,889.37,882.83,890.61,187504950
VNINDEX,20200303,895.39,887.4,895.11,889.93,890.55,890.61,884.43,896.39,170679850
VNINDEX,20200302,878.43,880,883.95,880.73,878.16,884.43,877.31,886.45,167380280
VNINDEX,20200228,885.47,878.46,889.39,875.35,882.13,882.19,872.46,898.44,177524420
VNINDEX,20200227,892.15,897.05,893.82,893.1,895.22,898.44,889.14,899.34,127837480
VNINDEX,20200226,901.51,894.27,899.76,894.77,895.42,895.97,894.25,903.27,124900000
VNINDEX,20200225,893.95,898.35,905.52,909.51,895.35,909.67,893.95,909.67,177111460
VNINDEX,20200224,917.49,903.34,906.77,903.34,903.34,903.34,903.34,917.49,246597810
VNINDEX,20200221,938.13,932.86,937.1,932.96,932.92,933.09,932.32,940.53,170762390
VNINDEX,20200220,933.69,930.12,937.74,930.42,929.12,938.13,928.76,938.13,176812010
VNINDEX,20200219,926.41,925.98,929.03,928.52,927.48,928.76,925.86,931.66,155110900
VNINDEX,20200218,927.93,926.33,927.42,926.46,927.16,927.93,926.01,934.98,154796540
VNINDEX,20200217,938.52,932.06,932.71,931.78,933.43,934.77,931.66,938.52,143700760
VNINDEX,20200214,939.28,936.6,938.59,937.15,936.72,937.45,936.47,940.65,164026980
VNINDEX,20200213,937.19,936.33,936.34,935.02,935.4,938.24,934.47,939.1,148281160
VNINDEX,20200212,940.72,937.32,941.73,937.19,936.63,937.68,934.67,943.11,180704710
VNINDEX,20200211,930.73,932.25,933.62,934.03,933.22,934.67,930.73,936.04,152383070
VNINDEX,20200210,934.38,930.03,927.38,927.13,927.57,930.73,926.61,940.75,124769190
VNINDEX,20200207,938.61,940.17,939.23,936.62,940.32,940.75,935.94,943.48,159078180
VNINDEX,20200206,926.66,931.6,937.26,927.21,925.33,938.54,925.21,938.54,199011870
VNINDEX,20200205,934.75,923.21,923.13,923.84,924.28,925.91,921.89,936.33,158265300
VNINDEX,20200204,929.42,924.84,929.25,924.14,925,929.09,919.33,934.91,171707930
VNINDEX,20200203,916.6,921.9,893.35,924.53,896.19,928.14,891.85,936.62,238589640
VNINDEX,20200131,959.58,936.62,959.47,936.62,936.62,936.62,936.62,960.96,203521680
VNINDEX,20200130,975.15,957.98,988.35,957.24,956.2,959.58,954,991.46,174488050
VNINDEX,20200122,986.52,985.25,991.25,986.77,984.86,991.46,983.92,991.46,124881140
VNINDEX,20200121,978.82,979.37,985.66,980.01,982.53,986.37,978.63,986.37,123872370
VNINDEX,20200120,978.23,977.24,979.85,976.72,977.72,978.63,975.93,979.85,98732080
VNINDEX,20200117,976.28,975.7,974.73,974.15,974.29,978.96,973.79,980.02,114716080
VNINDEX,20200116,967.2,970.62,974.35,968.9,973.1,974.31,967.17,974.7,143788670
VNINDEX,20200115,967.69,966.9,966.67,967.08,966.49,967.56,964.84,967.69,109520090
VNINDEX,20200114,966.26,966.85,968,966.11,966.56,967,965.76,968.85,125449000
VNINDEX,20200113,966.89,965.6,966.15,964.91,964.95,965.84,964.79,968.63,115808100
VNINDEX,20200110,961.17,962.62,960.26,962.87,967.8,968.54,960.15,969.71,160461650
VNINDEX,20200109,953.86,951.61,950.84,954.39,959.93,960.15,948.98,960.73,130690470
VNINDEX,20200108,954.13,948.08,949.68,947.35,946.65,948.98,945.28,958.88,175534190
VNINDEX,20200107,955.79,954.67,955.62,958.6,953.82,958.88,953.19,959.46,126566780
VNINDEX,20200106,962.79,955.75,957.03,955.66,955.64,955.79,955.59,965.14,137059570
VNINDEX,20200103,968.72,965.14,968.1,965.14,965.14,965.14,965.14,970.88,144668880
VNINDEX,20200102,960.26,964.01,961.78,962.6,965.41,966.67,959.67,966.67,128410670
VNINDEX,20191231,965.71,960.95,960.15,958.72,959.1,960.99,958.22,965.71,141842010
VNINDEX,20191230,962.89,963.23,965.76,964.38,964.39,965.03,962.47,967.52,144058140
VNINDEX,20191227,957.7,962.35,954.64,960.49,955.79,963.51,954.19,963.51,122357020
VNINDEX,20191226,960.67,957.93,960.24,958.08,957.53,958.59,957.43,962.11,157140830
VNINDEX,20191225,958.18,959.67,960.86,959.91,958.3,960.92,957.5,962.83,193076910
VNINDEX,20191224,958.88,958.69,954,957.78,957.18,958.88,953.29,959.43,169222500
VNINDEX,20191223,959.55,956.52,958.53,959.37,957.75,959.43,956.41,960.71,186357150
VNINDEX,20191220,953.55,953.02,955.08,953.71,954.88,956.41,952.26,957.52,180672280
VNINDEX,20191219,950.61,949.45,954.73,949.83,949.92,952.26,946.74,955.85,174346750
VNINDEX,20191218,951.52,950.57,953.98,949.99,949.97,951.13,949.86,954.18,179427150
VNINDEX,20191217,962.49,954.03,958.4,954.03,954.03,954.03,954.03,962.79,235270000
VNINDEX,20191216,966,961.13,964.67,961.39,960.94,961.47,960.39,966.18,199323160
VNINDEX,20191213,969.43,965.98,969.78,966.08,966.1,966.18,965.93,971.84,169068350
VNINDEX,20191212,963.39,962.74,965.47,967.96,963.85,968.17,961.78,968.39,151612030
VNINDEX,20191211,960.59,956.07,957.93,959.61,960.49,961.78,954.56,961.78,154266560
VNINDEX,20191210,965.92,956.64,964.4,958.83,958.7,960.3,955.14,966.58,165693540
VNINDEX,20191209,963.91,965.11,965.14,964.62,964.21,966.06,962.59,967.57,170141000
VNINDEX,20191206,962.38,962.83,962.35,961.06,961.58,963.56,960.99,965.41,134236090
VNINDEX,20191205,969,962.96,967.66,962.63,962.82,963.27,962.16,969.53,156412970
VNINDEX,20191204,952.51,954.72,962.06,959.72,962.35,965.9,950.13,965.9,156630050
VNINDEX,20191203,957.4,952.68,956.7,952.83,952.1,953.43,950.96,960.82,169065390
VNINDEX,20191202,971.42,958.82,964.14,958.71,958.94,959.31,958.3,972.91,174036390
VNINDEX,20191129,971.1,970.39,972.49,969.22,969.77,970.75,968.03,972.89,134171760
VNINDEX,20191128,977.66,969.33,973.12,969.76,968.65,970.39,967.68,979.17,148768290
VNINDEX,20191127,978.98,978.17,980.16,978.17,978.17,978.17,978.17,982.76,153245570
VNINDEX,20191126,976.35,976.59,980.32,976.71,976.61,976.79,976.35,981.96,143396110
VNINDEX,20191125,977.85,972.05,974.61,973.27,973.96,976.35,971.24,979.6,143616010
VNINDEX,20191122,992.73,972.48,987.09,973.87,973.19,977.78,971.03,993.7,191080770
VNINDEX,20191121,999.37,987.89,998.16,987.89,987.89,987.89,987.89,1000.56,167056910
VNINDEX,20191120,1009.21,1000.56,1001.63,1000.56,1000.56,1000.56,1000.56,1009.21,179478180
VNINDEX,20191119,1002.89,1005.18,1001.62,1003.38,1002.97,1008.35,1001.35,1008.35,154701500
VNINDEX,20191118,1010.03,1002.76,1004.68,1002.9,1002.87,1002.91,1002.63,1012.09,162876470
VNINDEX,20191115,1012.93,1009.78,1014.69,1009.55,1005.72,1010.03,1005.1,1015.16,176158570
VNINDEX,20191114,1013.85,1011.38,1015.87,1011.38,1012.16,1012.3,1010.6,1016.71,184762110
VNINDEX,20191113,1019.07,1010.8,1017.46,1011.01,1011.64,1012.77,1010.8,1020.09,177415870
VNINDEX,20191112,1016.97,1016.85,1019.86,1016,1017.93,1018.33,1015.97,1021.84,170437350
VNINDEX,20191111,1023.32,1016.75,1016.39,1016.45,1016.39,1016.75,1016.35,1024.77,162872800
VNINDEX,20191108,1026.98,1021.93,1024.33,1021.6,1021.63,1022.49,1021.11,1027.39,151744130
VNINDEX,20191107,1023.49,1022.81,1025.25,1023.76,1023.81,1024.03,1022.61,1028.45,161092450
VNINDEX,20191106,1023.43,1023.69,1028.54,1024.36,1024.61,1024.91,1023.42,1028.97,176911970
VNINDEX,20191105,1022.77,1022.76,1022.13,1022.42,1022.36,1024.34,1021.63,1026.53,166332450
VNINDEX,20191104,1019,1022.12,1020.16,1020.83,1022.42,1022.43,1015.59,1023.92,200156010
VNINDEX,20191101,998.82,1007.2,1011.37,1014.67,1003.98,1015.59,998.82,1015.88,193271360
VNINDEX,20191031,1000.89,998.8,1000.28,998.79,998.73,998.82,998.58,1004.4,184373210
VNINDEX,20191030,996.83,998.04,1000.78,996.52,999.52,1000.89,994.86,1003.4,153819770
VNINDEX,20191029,997.77,995.87,995.96,995.87,995.87,995.87,995.87,999.88,173286440
VNINDEX,20191028,998.27,996.48,999.47,996.48,996.48,996.48,996.48,999.94,145457420
VNINDEX,20191025,993.91,993.14,996.33,993.35,994.36,996.57,992.91,996.67,132488930
VNINDEX,20191024,988.85,992.28,992.07,992.2,993.11,993.6,987.65,993.6,136545120
VNINDEX,20191023,987.04,987.18,986.89,987.39,986.78,987.79,985.52,989.61,151270950
VNINDEX,20191022,983.52,984.89,987.38,986.64,986.04,987.19,983.52,987.59,197900960
VNINDEX,20191021,983.56,983.56,983.76,983.56,983.56,983.56,983.56,989.2,159518460
VNINDEX,20191018,992,988.92,988.76,989.12,988.74,989.2,988.41,993.03,149632990
VNINDEX,20191017,995.04,989.82,991.66,989.82,989.82,989.82,989.82,995.81,153111060
VNINDEX,20191016,995.75,994.19,996,993.97,993.36,994.46,993.05,997.41,155482090
VNINDEX,20191015,993.55,991.68,991.37,991.46,991.03,993.05,990.74,994.75,128808340
VNINDEX,20191014,994.61,992.91,993.43,992.33,992.7,993.57,991.84,997.25,168632220
VNINDEX,20191011,988.57,990.22,988.8,988.88,991.59,991.84,987.38,991.84,138117300
VNINDEX,20191010,988.81,987.22,987.39,987.37,987.36,987.38,986.93,990.89,133966330
VNINDEX,20191009,987.82,987.07,987.1,987.21,987.21,987.83,986.74,992,141017840
VNINDEX,20191008,983.62,982.55,987.43,984.28,986.09,988.22,981.89,988.51,150507350
VNINDEX,20191007,989.45,983.09,987.14,983.09,983.09,983.09,983.09,990.34,147636100
VNINDEX,20191004,993.69,987.59,992.7,987.59,987.59,987.59,987.59,994.81,150673460
VNINDEX,20191003,985.65,985.58,986.56,987.44,991.84,992.45,983.35,992.45,153492420
VNINDEX,20191002,999.18,990.22,994.19,990.26,990.9,991.19,989.63,1000.93,152337130
VNINDEX,20191001,997.87,997.05,997.76,998.62,998.46,999.59,996.2,999.72,138885870
VNINDEX,20190930,999.92,996.52,998.65,996.54,996.53,996.56,996.51,1004.17,153213290
VNINDEX,20190927,992.26,995.75,992.76,992.94,993.84,997.84,990.75,998.34,146756020
VNINDEX,20190926,988.7,989.67,990.55,989.18,990.39,990.75,986.35,991.66,130618890
VNINDEX,20190925,985.96,984.18,987.42,984.29,984.02,987.3,983.06,989.18,119403710
VNINDEX,20190924,986.33,985.82,986.22,985.34,985.23,988.13,984.94,991.36,117458820
VNINDEX,20190923,991.75,985.75,986.36,985.75,985.75,985.75,985.75,993.98,138429730
VNINDEX,20190920,997.6,990.36,992.22,990.36,990.36,990.36,990.36,998.56,164504810
VNINDEX,20190919,995.49,995.81,994.26,993.89,996.68,997.1,990.55,997.2,137497260
VNINDEX,20190918,995.75,994.53,995.79,993.97,994.13,995.15,993.94,998.4,137241260
VNINDEX,20190917,990.06,995.42,996.53,992.92,995.31,996.74,986.96,996.74,140193280
VNINDEX,20190916,987.07,987.56,986.8,988.03,988.53,989.86,986.72,992.6,135179690
VNINDEX,20190913,976.07,981.78,981.15,984.62,978.95,987.22,975.95,987.22,142334760
VNINDEX,20190912,972.39,969.99,975.75,971.77,976.04,976.07,969.31,976.07,120393640
VNINDEX,20190911,969.59,968.32,972.11,967.59,968.35,969.31,967.14,973.13,93331090
VNINDEX,20190910,974.62,969.81,971.63,970.01,969.94,970.26,968.36,977.44,124074130
VNINDEX,20190909,974.53,973.01,972.84,972.96,972.61,974.12,972.47,975.03,100322360
VNINDEX,20190906,977.83,973.91,975.38,973.87,973.87,974.08,973.87,978.73,103896060
VNINDEX,20190905,979.83,976.79,978.14,976.79,976.79,976.79,976.79,981.67,111115040
VNINDEX,20190904,977.97,975.47,977.04,975.94,976.52,977.63,973.37,979.91,118981750
VNINDEX,20190903,984.06,979,984.48,979.17,979.28,979.36,978.62,985.21,123217580
VNINDEX,20190830,980.25,983.82,984.08,983,983.32,984.06,980.25,984.87,124633770
VNINDEX,20190829,978.17,976.8,974.44,974.21,977.52,978.59,973.34,978.78,117852010
VNINDEX,20190828,977.1,977.24,979.25,977.16,977.19,977.26,977.1,981.35,115919870
VNINDEX,20190827,986.33,976.79,978.94,976.79,976.79,976.79,976.79,988.49,148125050
VNINDEX,20190826,983.8,979.5,982.95,982.77,982.55,982.88,977,984.61,149575020
VNINDEX,20190823,998.21,991.04,995.89,991.56,992.28,992.45,990.83,998.21,117934690
VNINDEX,20190822,996.41,994.32,997.42,993.76,995.47,997.26,993.23,998.67,126469080
VNINDEX,20190821,984.36,983.81,992.36,990.46,986.85,994.38,983.3,995.44,144232700
VNINDEX,20190820,983.94,982.72,982.97,983.34,981.97,984.67,981.75,985.35,118956190
VNINDEX,20190819,984.04,980.68,984.08,979.94,979.64,981.03,979.17,985.48,105430600
VNINDEX,20190816,974.88,976.12,984.38,977.59,979.09,980,974.88,985.61,151279950
VNINDEX,20190815,958.05,957.68,961.23,973.41,974.4,979.38,955.76,979.38,128985080
VNINDEX,20190814,975.88,968.91,974.28,968.91,968.91,968.91,968.91,975.99,122392520
VNINDEX,20190813,972.7,965.52,969,966.34,964.23,966.83,964.03,973.09,139224170
VNINDEX,20190812,975.38,974.17,973.35,973.6,974.15,975.31,973.22,977.63,120706840
VNINDEX,20190809,976.41,974.34,974.34,974.34,974.33,974.34,974.33,978.69,131092120
VNINDEX,20190808,965.62,968.72,970.23,968.8,972.85,975.24,964.21,975.83,154965790
VNINDEX,20190807,967.18,963.56,968.31,963.4,965.58,965.93,961.64,971.96,131692600
VNINDEX,20190806,960.29,961.02,965.29,959.68,959.35,964.61,958.39,966.15,167670810
VNINDEX,20190805,988.6,973.15,973.18,973.15,973.15,973.15,973.15,988.99,144946960
VNINDEX,20190802,987.55,990.21,986.01,990.16,988.55,991.1,985.69,991.39,142533150
VNINDEX,20190801,993.25,997.01,991.42,991.37,997.15,997.39,990.88,997.39,133147010
VNINDEX,20190731,986,983.36,989.66,988.68,991.18,991.66,982.64,993.4,128929120
VNINDEX,20190730,1001.46,986.02,996.15,986.02,986.02,986.02,986.02,1002.77,131365180
VNINDEX,20190729,994.23,991.38,992.03,993.85,990.64,997.94,988.29,997.94,111671240
VNINDEX,20190726,994.8,993.15,995.48,993.31,993.04,993.35,992.97,998.52,116208870
VNINDEX,20190725,986.85,991.87,992.74,991.27,989.82,994.95,986.85,997.49,138581600
VNINDEX,20190724,993.01,987.94,990.55,986.43,987.89,988.41,986.34,994.85,130182230
VNINDEX,20190723,981.38,987.36,984.37,982.95,982.61,989.46,980.22,990.45,132652850
VNINDEX,20190722,981.17,981.79,980.59,980.51,980.29,982.04,980.08,985.13,132994310
VNINDEX,20190719,978.12,979.89,981.5,978.53,981.61,982.34,978.12,986.12,157358510
VNINDEX,20190718,979.16,975.88,975.07,975.71,975.46,976.05,975.01,979.49,125517600
VNINDEX,20190717,981.49,980.06,979.11,979.28,981.15,982.57,979.05,985.59,140183530
VNINDEX,20190716,975.05,979.44,980.18,981.11,979.88,982.11,975.05,982.11,139907030
VNINDEX,20190715,975.57,971.75,971.46,972.08,971.34,972.53,970.93,975.66,115972860
VNINDEX,20190712,980.11,974.37,975.73,975.33,975.34,975.4,974.32,982.1,130374520
VNINDEX,20190711,976.95,976.82,975.6,975.68,976.59,978.63,975.03,980.02,131912750
VNINDEX,20190710,971.19,973.07,973.77,971.9,972,973.65,971.19,974.96,121222420
VNINDEX,20190709,965.24,968.65,966.48,963.75,965.62,969.05,963.05,969.05,124746590
VNINDEX,20190708,972.83,964.68,965.18,965.82,963.85,966.35,963.84,972.83,115286470
VNINDEX,20190705,972.74,974.17,973.17,972.33,975.04,975.34,970.16,975.34,114333320
VNINDEX,20190704,961.78,965.08,964.36,966.37,970.99,973.04,961.65,973.04,131414710
VNINDEX,20190703,960.44,959.83,959.16,959.34,959.39,960.39,956.91,961.67,108615480
VNINDEX,20190702,964.77,960,964.18,961.04,960.06,961.98,959.8,966.76,103140210
VNINDEX,20190701,958.92,961.25,957.78,960.12,960.41,965.61,957.66,965.61,118824310
VNINDEX,20190628,944.53,945.47,946.88,944.44,942.66,949.94,939.12,949.94,116719130
VNINDEX,20190627,959.48,943.11,951.41,943.11,943.11,943.11,943.11,959.48,122024660
VNINDEX,20190626,958.6,959.08,959.16,958.93,958.39,959.13,958.38,962.7,118961940
VNINDEX,20190625,961.19,960.08,962.61,960.08,960.07,960.13,960.06,963.23,119504240
VNINDEX,20190624,960.29,962.52,965.28,960.94,961.38,962.85,959.8,967.11,112075620
VNINDEX,20190621,962.69,959.19,960.98,959.17,959.19,959.2,959.12,964.52,172690500
VNINDEX,20190620,949.48,954.92,958.98,954.95,954.51,959.18,948.97,962.33,128849380
VNINDEX,20190619,948.92,949.51,949.25,949.02,947.15,949.69,946.83,950.04,113127930
VNINDEX,20190618,945.73,939.51,943.15,941.64,942.04,944.01,938.95,947.3,107486040
VNINDEX,20190617,953.97,945.79,954.01,944.91,945.41,946.95,944.47,955.18,104376320
VNINDEX,20190614,948.65,949.51,952.91,949.91,949.22,953.61,948.65,954.7,114919450
VNINDEX,20190613,951.26,947.11,947.7,948.33,947.33,950.08,946.29,952.06,98224190
VNINDEX,20190612,960.6,953.98,960.2,954.06,954.03,954.17,953.83,960.6,99753800
VNINDEX,20190611,962.43,960.39,963.87,960.85,960.91,962.07,959.98,964.81,95182170
VNINDEX,20190610,963.78,961.24,964.11,961.83,961.05,962.9,958.6,966.9,117989440
VNINDEX,20190607,951.64,953.49,952.02,954.88,951.95,958.28,950.94,958.28,97295080
VNINDEX,20190606,950.57,944.23,949.2,947.57,946.05,948.21,939.35,951.35,99472430
VNINDEX,20190605,955.8,951.4,951.57,951.39,951.41,951.41,951.39,958.39,94748420
VNINDEX,20190604,945.62,944.11,943.32,943.91,946,951.16,943.21,951.42,100720010
VNINDEX,20190603,953.58,945.21,944.14,944.72,940.99,946.47,940.28,955.78,141124260
VNINDEX,20190531,968.53,959.88,968.17,959.88,959.88,959.88,959.88,969.94,113983510
VNINDEX,20190530,971.01,968.86,971.27,967.45,968.33,969.34,967.21,974.56,105429560
VNINDEX,20190529,973.31,969.88,974.52,971.11,970.85,971.54,969.55,974.96,119981290
VNINDEX,20190528,977.02,969.89,974.97,971.06,970.24,972,969.51,978.8,120207520
VNINDEX,20190527,970.73,972.37,971.71,974.54,970.95,975.14,970.41,975.4,95547230
VNINDEX,20190524,976.59,970.03,974.77,970.03,970.03,970.03,970.03,983.14,125995790
VNINDEX,20190523,982,982.02,978.77,981.6,979.93,982.71,977.17,984.57,107185090
VNINDEX,20190522,986.66,983.19,986.62,983.2,983.22,983.78,982.68,992.26,125932070
VNINDEX,20190521,989.67,986.1,992.53,986.21,986.09,986.29,986.07,992.84,123824620
VNINDEX,20190520,975.95,981.66,978.75,986.88,977.47,987.13,974.47,987.13,133410170
VNINDEX,20190517,977.85,976.46,978.98,975.73,975.34,976.48,974.91,980.04,120091580
VNINDEX,20190516,976.96,975.69,979.99,975.69,975.69,975.69,975.69,981.22,128644280
VNINDEX,20190515,967.95,975.2,976.1,968.91,973.08,975.64,967.95,977.65,152163030
VNINDEX,20190514,952.13,964.11,959.2,955.3,958.22,965.34,952.13,965.34,133450620
VNINDEX,20190513,952.11,955.92,951.77,954.26,956.84,958.54,951.76,958.54,124137680
VNINDEX,20190510,950.37,947.96,953.08,950.62,951.58,952.55,947.85,953.92,114421300
VNINDEX,20190509,950.66,946.15,945.29,945.89,946.69,947.01,944.91,953.66,114337710
VNINDEX,20190508,950.1,950.11,951.58,948.3,948.83,951.22,947.86,953.88,117642240
VNINDEX,20190507,961.31,956.36,960.18,957.3,957.09,957.56,955.42,965.61,120967170
VNINDEX,20190506,964.37,957.55,960.36,956.79,957.11,957.97,955.41,964.89,133333280
VNINDEX,20190503,976.77,972,973.89,972.6,973.17,974.14,971.75,977.13,126861840
VNINDEX,20190502,978.81,975.69,976.44,978.21,976.59,978.5,975.51,979.93,123641950
VNINDEX,20190426,972.86,979.53,978.75,976.45,975.45,979.64,970.73,979.64,106880990
VNINDEX,20190425,976.46,972.29,974,973.64,972.47,974.13,971.92,976.46,111265980
VNINDEX,20190424,969.66,976.69,975.18,971.69,973.03,976.92,969.66,978.71,120984530
VNINDEX,20190423,964.84,965.68,964.53,966.55,964.59,968,964.35,970.98,112571910
VNINDEX,20190422,963.78,959.65,965.16,963.02,960.96,965.86,959.33,966.69,115324520
VNINDEX,20190419,968.27,965.77,968.43,966.12,965.48,966.21,965.46,971.73,95858930
VNINDEX,20190418,969.5,962.1,973.55,962.12,962.13,962.3,962.05,973.73,136627800
VNINDEX,20190417,978.21,972.1,972.87,972.1,972.1,972.1,972.1,980.71,147143680
VNINDEX,20190416,970.87,966.69,975.72,964.14,963.44,977.17,963.06,978.53,129555720
VNINDEX,20190412,984.66,981.33,983.24,981.35,981,982.9,980.26,984.69,111579320
VNINDEX,20190411,984.46,984.48,983.23,982.71,983.85,985.95,981.06,985.95,116462880
VNINDEX,20190410,984.79,979.5,979.89,978.98,977.82,981.91,976.83,987.27,136206990
VNINDEX,20190409,999.89,988.26,991.77,988.11,988.35,988.48,987.82,1000.02,152164280
VNINDEX,20190408,991.65,996.51,994.69,994.79,995.62,997.56,989.33,997.56,146848160
VNINDEX,20190405,988.09,987.58,986.51,986.78,986.85,989.26,986.39,990.38,129581690
VNINDEX,20190404,987.47,985.86,984.01,985.35,985.07,986.91,982.94,989.08,131613070
VNINDEX,20190403,984.74,981.45,982.81,982.11,983.62,984.46,980.3,985.26,127569720
VNINDEX,20190402,994.87,985.77,986.54,985.6,985.76,985.81,985.48,996.41,139249480
VNINDEX,20190401,984.89,985.85,984.97,988.05,983.49,988.53,982.8,988.53,136670870
VNINDEX,20190329,985.35,980.76,985.07,980.76,980.76,980.76,980.76,988.24,131578690
VNINDEX,20190328,973.44,975.32,981,979.11,973.36,982.98,972.6,983.18,121442710
VNINDEX,20190327,976.67,973.31,974.86,975.2,973.44,975.91,972.25,979.32,111313200
VNINDEX,20190326,975.44,968.26,974.33,967.92,966.99,969.79,966.9,978.99,138470030
VNINDEX,20190325,976.53,966.18,969.67,966.12,969.1,970.07,964.76,976.53,176173100
VNINDEX,20190322,984.9,983.8,989.64,983.58,985.3,988.71,981.3,990.07,150078180
VNINDEX,20190321,1005.12,981.78,993.94,981.78,981.78,981.78,981.78,1006.37,182063760
VNINDEX,20190320,1002.86,995.38,1001.01,997.73,994.73,1002.3,992.02,1003.25,179018110
VNINDEX,20190319,1013.75,1004.74,1004.67,1004.87,1006.34,1006.59,1004.22,1014.51,198651140
VNINDEX,20190318,1007.92,1010.57,1012.09,1011.46,1011.37,1011.86,1007.92,1013.29,186670940
VNINDEX,20190315,1008.22,1001.3,1001.76,1002.31,1003.46,1004.12,1001.1,1008.22,205312130
VNINDEX,20190314,1006.37,1005.41,1004.4,1007.07,1006.44,1008.44,1002.09,1011.39,182462580
VNINDEX,20190313,1003.75,1003.99,1007.02,1004.04,1003.17,1005.41,1003.01,1009.77,197058820
VNINDEX,20190312,991.14,990.52,994.26,999.09,998.59,1001.32,990.46,1001.32,59909910
VNINDEX,20190311,982.94,981.65,982.07,982.89,981.94,984.6,981.34,987.11,142354110
VNINDEX,20190308,987.89,984.93,991.66,985,985.08,985.25,984.48,991.98,174637190
VNINDEX,20190307,995.65,994.03,995.86,994.03,994.03,994.03,994.03,1004.55,187089470
VNINDEX,20190306,993.01,986.1,990.2,991.04,993.05,994.49,985.51,994.49,189307770
VNINDEX,20190305,990.08,991.98,993.17,988.14,988.67,992.45,987.92,1000.25,242647260
VNINDEX,20190304,983.5,985.36,989.77,984.85,989.78,993.99,983.33,994.46,208746480
VNINDEX,20190301,971.05,976.76,973.53,975.16,977.77,979.63,970.54,980.82,147201840
VNINDEX,20190228,989.84,965.47,980.99,965.47,965.47,965.47,965.47,990.25,197246310
VNINDEX,20190227,989.61,989.12,992.87,990.2,988.83,990.27,988.09,994.46,204432660
VNINDEX,20190226,991.63,981.72,979.69,986.77,986.05,987.06,979.24,996.44,209593290
VNINDEX,20190225,996.06,993.63,995.68,993.88,993.86,994.43,992.72,999.9,192123580
VNINDEX,20190222,983.99,985.32,983.87,982.88,988.53,988.91,982.86,993.16,198035650
VNINDEX,20190221,972.82,978.97,976.12,981.92,979.53,987.57,970.31,987.57,162629150
VNINDEX,20190220,963.29,968.49,969,965.72,967.89,970.58,963.29,972.75,143623290
VNINDEX,20190219,962.84,963.09,968.44,964.26,964.34,964.35,962.81,971.92,194948940
VNINDEX,20190218,954.85,958.82,961.09,956.88,954.11,961.3,953.32,961.3,168546640
VNINDEX,20190215,951.9,948.41,950.28,948.63,949.33,950.89,948.26,955.4,144187810
VNINDEX,20190214,946.54,946.5,951.53,950.03,950.85,952.34,945.99,953.66,155201250
VNINDEX,20190213,937.61,940.94,943.08,941.88,940.79,945.25,937.34,945.25,176065850
VNINDEX,20190212,930.37,933.5,935.51,929.03,928.75,937.54,926.98,938.64,172108310
VNINDEX,20190211,916.98,919.47,916.55,918.63,918.81,926.1,915.86,926.1,105401650
VNINDEX,20190201,911.98,907.62,912.44,907.66,908,908.67,907.52,912.81,100817510
VNINDEX,20190131,919.12,910.6,918.99,910.57,910.59,910.65,910.38,920.36,109882400
VNINDEX,20190130,914.08,913.92,917.72,915.77,914.94,915.84,913.48,917.8,101654620
VNINDEX,20190129,913.67,912.64,907.93,914.37,915.64,915.93,907.09,915.93,96373030
VNINDEX,20190128,912.53,910.5,911.43,910.92,912.15,912.18,908.9,913.43,105066300
VNINDEX,20190125,908.86,908.78,910.05,908.81,908.55,908.88,907.96,911.59,94694810
VNINDEX,20190124,908.56,908.55,909.52,907.88,907.61,908.79,906.59,910.59,93302460
VNINDEX,20190123,905.73,905.42,907.03,906.46,906.18,908.18,905.12,910.12,104170040
VNINDEX,20190122,912.73,906.55,908.25,906.55,906.55,906.55,906.55,913.37,122327990
VNINDEX,20190121,905.25,909.5,905.31,904.79,904.49,911.05,902.3,911.74,118681370
VNINDEX,20190118,902.7,901.58,906.13,901.01,901.79,902.3,900.64,906.35,97354960
VNINDEX,20190117,908.48,901.89,908.13,901.89,901.89,901.89,901.89,909.06,116336260
VNINDEX,20190116,911.32,907.37,912.23,907.09,908.7,908.7,906.39,912.48,107297240
VNINDEX,20190115,901.21,902.03,904.95,900.94,909.37,909.68,898.92,909.68,105437620
VNINDEX,20190114,903.83,898.07,899.86,901.8,901.43,901.8,897.18,903.83,102708100
VNINDEX,20190111,899.1,900.39,898.37,901.88,899.04,902.71,898.3,904.37,107318710
VNINDEX,20190110,897.85,897.85,898.57,897.39,897.83,898.3,895.17,899.47,102028010
VNINDEX,20190109,890.26,896.26,888.66,893.22,892.19,896.99,887.44,897.25,121362280
VNINDEX,20190108,891.37,885.98,889.1,883.67,886.94,887.44,883.67,891.87,91184790
VNINDEX,20190107,890.47,884.45,892.62,885.75,881.61,889.64,880.9,896.63,85681980
VNINDEX,20190104,872.69,877.1,875.28,869.9,877.99,880.9,861.85,881.48,116476250
VNINDEX,20190103,889.78,877.02,875.58,878,877.11,878.22,872.12,892.21,133569060
VNINDEX,20190102,900.1,891.66,897.38,891.6,891.16,891.75,891.1,900.1,91260900
VNINDEX,20181228,903.79,892.54,900.41,892.54,892.54,892.54,892.54,903.79,123484100
VNINDEX,20181227,904.8,899.17,894.47,896.03,896.28,900.81,891.75,906.63,111801210
VNINDEX,20181226,896.63,891.3,895.94,891.16,891.41,891.75,890.86,899.49,102676480
VNINDEX,20181225,893.71,884.77,895.97,895.19,894.08,897.94,882.17,908.56,168188780
VNINDEX,20181224,910.86,908.56,911.82,908.56,908.56,908.56,908.56,916.41,109136290
VNINDEX,20181221,911.57,911.03,916.19,910.03,911.13,912.26,907.88,918.24,130617680
VNINDEX,20181220,915.5,916.03,915.54,915.52,914.59,918.24,914.18,921.79,106758930
VNINDEX,20181219,926.35,917.41,923.51,917.37,918.46,919.24,914.55,927.25,118697620
VNINDEX,20181218,933.65,924.59,919.78,924.65,922.55,927.25,917.03,933.65,154471670
VNINDEX,20181217,948.09,933.65,933.83,933.65,933.65,933.65,933.65,952.04,142727430
VNINDEX,20181214,958.78,951.72,958.31,951.95,951.44,952.04,951.04,960.25,131038650
VNINDEX,20181213,961.28,960.15,966.53,960.2,960.1,960.25,960.1,966.83,143906620
VNINDEX,20181212,956.32,956.67,956.89,957.13,957.18,961.28,954.58,961.28,137903480
VNINDEX,20181211,955.93,953.19,951.45,949.99,954.4,954.58,949.34,957.97,121297760
VNINDEX,20181210,955.06,955.47,955.29,953.37,955.72,955.89,951.5,958.59,124403810
VNINDEX,20181207,956.49,958.52,959.8,956.34,956.15,958.59,954.82,962.39,147777320
VNINDEX,20181206,954.61,948.95,955.04,951.86,951,954.82,948.44,959.59,144514310
VNINDEX,20181205,950.34,947.86,950.22,951.2,948.92,957.14,946.97,960.87,153813590
VNINDEX,20181204,952.97,952.45,952.78,956.79,958.58,958.84,950.89,960.44,176957450
VNINDEX,20181203,937.7,950.54,932.43,942.88,937.79,951.59,926.54,951.59,158649680
VNINDEX,20181130,924.49,925.04,924.14,925.47,923.91,926.54,921.08,928.92,128404930
VNINDEX,20181129,934.88,926.79,927.1,926.79,926.79,926.79,926.79,937.75,117296150
VNINDEX,20181128,923.12,922.37,929.84,928.41,928.11,930.2,922.03,930.2,96437830
VNINDEX,20181127,925.12,922.89,925.2,922.03,921.1,923.12,921.03,930.37,108892820
VNINDEX,20181126,915.67,920.96,915.28,919.76,920.09,921.03,914.43,921.96,89018720
VNINDEX,20181123,923.91,916.88,919.18,917.53,917.21,917.97,916.87,925.84,111368420
VNINDEX,20181122,924.93,922.35,922.97,922.05,923.92,924.42,922.02,926.15,114153390
VNINDEX,20181121,909.83,921.05,922.31,912.24,910.47,922.56,907.47,922.56,118598410
VNINDEX,20181120,909.76,912.62,910.44,918.95,917.51,919.02,909.76,919.02,126088600
VNINDEX,20181119,902.65,915,914.31,915.47,902.96,916.06,898.19,916.06,123751830
VNINDEX,20181116,901.44,897.43,896.3,895.7,896.49,898.19,894.14,903.21,142404810
VNINDEX,20181115,901.13,896.77,898.7,893.15,894.56,897.15,892.5,903.83,134157220
VNINDEX,20181114,904.16,899.48,900.55,899.4,899.85,900.93,898.83,910.58,124973890
VNINDEX,20181113,904.35,905.03,912.54,904.66,904,905.38,903.48,918.12,132420850
VNINDEX,20181112,909.36,907.07,905.45,907.09,912.52,918.12,903.95,918.99,109196880
VNINDEX,20181109,921.11,914.29,922.28,914.29,914.29,914.29,914.29,926.28,130987570
VNINDEX,20181108,928.69,925.75,922.32,925.33,922.17,926.28,922.16,932.86,136371250
VNINDEX,20181107,922.03,921.82,918.41,921.46,920.73,922.16,915.41,924.6,126493110
VNINDEX,20181106,931,922.01,926.69,922.01,922.04,922.05,921.93,931.27,120323080
VNINDEX,20181105,920.87,920.63,918.06,923.82,918.32,925.53,915.77,925.53,120636020
VNINDEX,20181102,911.35,918.04,914.78,908.68,914.72,924.86,907.96,927.62,208306270
VNINDEX,20181101,915.52,907.81,912.03,905.99,906.24,907.96,905.73,918.84,121537840
VNINDEX,20181031,894.23,899.99,894.15,904.56,889.49,914.76,888.69,914.76,158835290
VNINDEX,20181030,881.32,885.63,881.73,883.93,888.39,888.69,880.85,894.8,119442400
VNINDEX,20181029,895.05,885.67,895.64,886.07,888.39,888.82,884.92,900.82,113190110
VNINDEX,20181026,918.11,900.82,904.29,900.82,900.82,900.82,900.82,918.16,133196280
VNINDEX,20181025,902.59,893.82,907.5,886.87,890.84,910.17,885.34,922.73,163267870
VNINDEX,20181024,935.25,922.73,928.19,922.73,922.73,922.73,922.73,939.68,131812580
VNINDEX,20181023,950.12,927.49,953.1,934.16,936.24,939.68,925.29,953.51,180452220
VNINDEX,20181022,958.36,953.51,963.6,953.51,953.51,953.51,953.51,963.79,132907370
VNINDEX,20181019,949.94,945.85,962.15,955.69,946.41,958.36,945.83,963.47,131750750
VNINDEX,20181018,968.93,962.69,969.2,962.76,962.82,963.47,962.68,971.6,125904200
VNINDEX,20181017,973.14,966.77,970.35,970.4,970.45,971.6,963.37,975.27,137708130
VNINDEX,20181016,950.36,958.62,961.73,957.8,959.79,963.37,950.36,963.69,117463420
VNINDEX,20181015,968.8,951.64,960.99,951.64,951.64,951.64,951.64,970.08,122347660
VNINDEX,20181012,939.2,968.93,933.75,950.85,947.85,970.08,933.35,970.08,202180250
VNINDEX,20181011,972.21,940.79,983.95,940.51,942.53,945.89,938.83,993.96,342322780
VNINDEX,20181010,998.66,993.04,992.88,991.97,993.42,993.96,991.22,999.62,170310580
VNINDEX,20181009,998.7,996.13,1000.06,996.17,996.14,996.19,996.12,1001.87,178671520
VNINDEX,20181008,1003.31,996.12,999,996.12,996.12,996.12,996.12,1008.39,184494660
VNINDEX,20181005,1020.21,1008.39,1015.09,1008.39,1008.39,1008.39,1008.39,1023.62,204312380
VNINDEX,20181004,1024.68,1022.77,1020.92,1023.59,1020.75,1023.62,1020.4,1024.68,183493900
VNINDEX,20181003,1021.08,1017.7,1018.03,1019.42,1019.41,1020.4,1016.47,1024.59,159465930
VNINDEX,20181002,1014.26,1016.78,1021.11,1016.55,1014.45,1018.79,1012.88,1021.51,203211920
VNINDEX,20181001,1019.49,1012.88,1013.25,1012.88,1012.88,1012.88,1012.88,1023.87,224079290
VNINDEX,20180928,1019.34,1016.52,1017.42,1016.64,1015.94,1017.13,1015.37,1020.84,223985030
VNINDEX,20180927,1012.57,1012.97,1017.61,1014.2,1015.05,1015.37,1009.61,1017.78,180548480
VNINDEX,20180926,1008.93,1009.51,1010.54,1007.96,1008.59,1009.61,1007.44,1014.86,219304600
VNINDEX,20180925,1011.94,1010.61,1012.6,1009.05,1010.47,1010.74,1008.67,1014.53,198025710
VNINDEX,20180924,1007.52,1008.85,1007.07,1010.3,1004.81,1011.29,1002.97,1011.29,169064700
VNINDEX,20180921,1006.25,1000.54,1003.72,1000.7,1001.61,1002.97,1000.39,1009.1,273413180
VNINDEX,20180920,995.54,1003.84,1002.98,1001.06,995.55,1004.74,995.54,1004.74,178719970
VNINDEX,20180919,998.65,995.44,994.8,993.63,994,995.54,993.49,1001.83,206153500
VNINDEX,20180918,983.43,988.47,982.53,986.66,986.43,993.49,981.89,993.49,170931700
VNINDEX,20180917,990.65,987.18,987.17,987.23,987.47,987.61,987.02,993.83,146418770
VNINDEX,20180914,987.95,988,989.55,989.39,988.96,991.34,987.95,995.55,149515760
VNINDEX,20180913,987.48,987.4,987.7,985.94,987.44,987.95,984.92,992.96,148460220
VNINDEX,20180912,990,986.14,989.64,985.79,986.7,987.01,985.06,994.83,170671340
VNINDEX,20180911,968.41,971.18,977.08,968.9,968.65,985.06,967.92,985.06,158583090
VNINDEX,20180910,969.74,968.59,972.23,969.87,969.72,970.34,968.19,974.59,150185940
VNINDEX,20180907,955.5,967.59,964.29,961.45,961.86,968.9,955.5,969.34,152297190
VNINDEX,20180906,968.37,958.11,961.64,958.15,958.03,958.19,957.99,970.84,141846580
VNINDEX,20180905,975.05,967.33,975.49,966.08,967.6,968.44,964.8,978.78,161132000
VNINDEX,20180904,990.79,975.94,988.04,975.94,975.94,975.94,975.94,992.18,171757470
VNINDEX,20180831,998.55,989.54,989.96,989.54,989.54,989.54,989.54,1003.06,162028990
VNINDEX,20180830,987.62,990.8,986.66,993.13,988.6,998.07,983.43,998.07,154869330
VNINDEX,20180829,995.05,987.99,993.49,988.17,987.65,988.17,987.47,995.19,147290440
VNINDEX,20180828,991.92,994.56,991.3,992.34,992.92,995.19,989.81,995.29,160040560
VNINDEX,20180827,990.19,989.81,991.79,990.04,987.61,991.92,987.05,994.54,172523730
VNINDEX,20180824,985.49,985.72,985.93,983.62,986.33,987.05,982.88,989.21,154384250
VNINDEX,20180823,984.12,986.54,983.87,982.18,984.11,987.36,982.15,989.45,136754900
VNINDEX,20180822,979.21,981.62,979.73,981.73,981.22,982.15,979.21,986.36,165046770
VNINDEX,20180821,968.46,975.6,975.21,969.93,972.5,979.21,968.45,979.21,166245190
VNINDEX,20180820,970.81,969.25,968.14,968.87,968.21,969.62,966.46,973.57,159839260
VNINDEX,20180817,971.4,968.26,965.68,966.88,967.85,968.88,964.28,975.52,135993500
VNINDEX,20180816,952.83,948.43,951.73,949.87,951.93,964.28,947.09,964.28,155675840
VNINDEX,20180815,980.45,961.37,969.65,961.37,961.37,961.37,961.37,982,170920470
VNINDEX,20180814,979.66,976.09,974.82,977.82,974.49,978.27,974.47,981.42,149512980
VNINDEX,20180813,966.46,974.41,966.15,971.44,975.42,978.04,963.41,978.04,177961390
VNINDEX,20180810,962.03,963.89,965.46,965.02,965.29,968.47,955.04,968.47,171405870
VNINDEX,20180809,968.57,963.5,971.22,963.5,963.5,963.5,963.5,972.52,155997970
VNINDEX,20180808,958.31,965.88,965.69,964.71,961.01,966.27,956.79,966.27,140455150
VNINDEX,20180807,957.7,956.63,958.04,953.91,956.39,956.79,953.71,962.02,138197270
VNINDEX,20180806,960.12,959.14,956.14,956.05,958.99,960.23,955.42,962.99,153545630
VNINDEX,20180803,957.92,958.66,953.72,958.58,956.23,959.6,953.55,966.1,166041060
VNINDEX,20180802,952.75,946.1,953.39,943.11,948.4,953.55,942.39,953.55,197605160
VNINDEX,20180801,957.35,952.19,958.51,952.55,952.72,952.77,949.89,960.05,180659380
VNINDEX,20180731,948.56,952.73,956.94,955.02,952.99,956.39,947.32,959.07,229716310
VNINDEX,20180730,935.52,945.25,945.23,940.68,938.91,949.73,935.52,949.73,184102800
VNINDEX,20180727,931.9,929.85,930.16,932.37,935.37,935.52,928.82,937.23,163239770
VNINDEX,20180726,928.96,925.21,924.96,925.27,923.81,930.16,920.99,930.32,175094780
VNINDEX,20180725,936.57,927.58,928.26,927.58,927.58,927.58,927.58,938.33,201817350
VNINDEX,20180724,933.22,926.5,928.66,929.15,931.12,934.08,926.3,939.07,169570620
VNINDEX,20180723,931.52,933.22,941.73,935.47,930.78,936.74,930.25,949.14,189825960
VNINDEX,20180720,938.83,931.48,943.85,930.84,933.38,933.39,930.26,943.97,178824010
VNINDEX,20180719,942.39,943.73,943.57,940.2,943.12,943.97,939.58,947.07,166861920
VNINDEX,20180718,926.14,941.33,933.68,942.16,932.28,942.39,921.27,942.39,184595420
VNINDEX,20180717,905.32,905.99,904.32,904.09,915.25,921.27,902.02,921.27,136242170
VNINDEX,20180716,914.22,906.2,914.22,905.28,907.68,911.11,905.27,917.63,110781560
VNINDEX,20180713,904.8,905.4,899.23,909.61,908.93,909.72,898.51,912.53,121908930
VNINDEX,20180712,891.21,888.08,894.58,896.08,887.72,898.51,884.75,905.72,89716000
VNINDEX,20180711,898.08,889.25,888.36,885.24,892.03,893.16,885.09,911.12,138011210
VNINDEX,20180710,919.44,911.12,919.3,911.12,911.12,911.12,911.12,921.96,93023180
VNINDEX,20180709,922.72,915.12,926.97,915.12,915.12,915.12,915.12,929.5,106129140
VNINDEX,20180706,891.16,899.91,904.78,890.76,913.22,917.51,884.99,921.75,141558410
VNINDEX,20180705,914.48,898.65,914.36,896.66,898.61,899.4,892.67,921.85,127300890
VNINDEX,20180704,904.34,892.34,891.35,895.77,896.84,914.99,890.83,914.99,115037000
VNINDEX,20180703,945.87,906.01,944.4,906.01,906.01,906.01,906.01,947.15,160959140
VNINDEX,20180702,955.18,934.51,946.16,936.15,943.48,947.15,932.66,960.78,141985480
VNINDEX,20180629,955.64,960.37,952.95,955.46,960.06,960.78,950.48,962.93,109959300
VNINDEX,20180628,964.76,955,954.78,957.17,954.54,957.35,954.46,976.12,130092940
VNINDEX,20180627,981.44,968.91,983.72,968.91,968.91,968.91,968.91,984.46,126478720
VNINDEX,20180626,977.78,979.49,984.98,979.66,978.65,983.02,970.75,990.52,114848880
VNINDEX,20180625,997.34,987.42,992.68,984.92,986.58,990.52,983.17,997.34,118141460
VNINDEX,20180622,963.89,977.53,969.82,983,979.31,983.17,959.91,983.57,102386330
VNINDEX,20180621,979.57,967.24,977.34,968.02,969.14,969.4,966.28,980.95,94207890
VNINDEX,20180620,957.37,972.3,959.51,972.04,968.73,980.95,955.61,980.95,119588010
VNINDEX,20180619,972.38,949.47,965.43,945.31,959.9,962.16,941.57,987.34,203038380
VNINDEX,20180618,1015.56,987.22,1017.3,986.9,987.1,987.34,986.88,1018.98,145258530
VNINDEX,20180615,1012.71,1009.5,1012.3,1007.45,1007.13,1016.51,1006.75,1018.95,144810970
VNINDEX,20180614,1030.53,1015.72,1017.74,1015.72,1015.72,1015.72,1015.72,1033.46,135108620
VNINDEX,20180613,1017.93,1028.07,1029.05,1030.51,1018.26,1030.53,1017.93,1030.53,94432120
VNINDEX,20180612,1033.55,1005.68,1026.34,1012.32,1019.31,1020.76,1005.1,1039.02,169615060
VNINDEX,20180611,1033.55,1037.35,1029.91,1029.22,1033.01,1039.02,1029.19,1045.6,133458700
VNINDEX,20180608,1032.59,1036.05,1037.89,1032.31,1031.75,1039.01,1026.94,1039.07,123467000
VNINDEX,20180607,1038.93,1032.39,1036.42,1030.87,1036.43,1036.69,1030.79,1043.71,151572660
VNINDEX,20180606,1020.97,1034.35,1023.96,1034.35,1021,1034.5,1012.98,1034.5,147209700
VNINDEX,20180605,1013.59,1013.85,1013.61,1018.6,1020.2,1022.74,1011.59,1025.26,171849820
VNINDEX,20180604,994.48,1003.55,996.97,1010.83,1001.29,1013.78,992.01,1013.78,146754440
VNINDEX,20180601,973.67,978.21,986.96,987.24,975.4,992.87,971.25,995.06,159474900
VNINDEX,20180531,947.96,947.77,962.38,950.55,959.34,971.25,945.29,975.51,140562780
VNINDEX,20180530,953.41,943.9,949.29,936.29,933.17,948.5,932.26,953.41,117402280
VNINDEX,20180529,925.89,926.2,952.23,917.42,948.02,952.18,916,958.96,155134330
VNINDEX,20180528,938.86,931.31,943.85,930.69,930,931.75,927.47,963.9,190060710
VNINDEX,20180525,981.47,963.9,983.9,963.9,963.9,963.9,963.9,987.56,122895140
VNINDEX,20180524,992.24,978.65,979.42,975.7,983.6,985.92,974.14,995.82,104549070
VNINDEX,20180523,974.8,978.76,972.45,983.08,966.96,988.94,965.92,995.25,126424380
VNINDEX,20180522,1006.18,985.67,1003.15,981.1,983.22,985.91,976.73,1015.97,157929760
VNINDEX,20180521,1043.82,1014.98,1023.58,1014.98,1014.98,1014.98,1014.98,1043.82,103768880
VNINDEX,20180518,1033.33,1027.19,1014.68,1013.68,1036.37,1040.54,1013.57,1040.84,117715920
VNINDEX,20180517,1055.21,1030.64,1046.61,1030.64,1030.64,1030.64,1030.64,1057.84,106925400
VNINDEX,20180516,1070.34,1052.27,1071.99,1053.71,1054.16,1054.62,1052.18,1073.5,114977430
VNINDEX,20180515,1072.25,1069.77,1082.81,1067.21,1068.34,1073.5,1066.98,1084.2,125064840
VNINDEX,20180514,1051.69,1054.99,1050.64,1059.37,1055.61,1066.98,1042.31,1066.98,112598140
VNINDEX,20180511,1026.34,1032.14,1017.2,1028.13,1028.15,1044.85,1014.3,1044.85,122444330
VNINDEX,20180510,1058.22,1027.72,1054.07,1025.87,1028.06,1028.87,1025.75,1059.34,142481230
VNINDEX,20180509,1058.33,1056.78,1063.85,1056.19,1056.76,1056.97,1051.79,1069.8,125800990
VNINDEX,20180508,1061.12,1057.93,1066.96,1058.68,1057.27,1060.45,1057.24,1072.28,131034910
VNINDEX,20180507,1034.64,1048.99,1061.49,1057.24,1031.08,1062.26,1026.8,1062.26,121975150
VNINDEX,20180504,1032.12,1025.28,1031.83,1026.07,1023.09,1026.8,1022.1,1037.02,125781940
VNINDEX,20180503,1018.47,1006.74,1020.54,1014.08,1020.93,1026.46,1003.79,1029.08,170826220
VNINDEX,20180502,1053.26,1026.51,1048.97,1028.11,1028.62,1029.08,1024.75,1053.52,151472300
VNINDEX,20180427,1037.36,1045.02,1033.14,1040.95,1044.07,1050.26,1031.89,1054.94,152150730
VNINDEX,20180426,1082.52,1043.84,1082.05,1043.86,1044.53,1044.86,1039.35,1082.52,184680980
VNINDEX,20180424,1064.86,1067.35,1059.85,1062.39,1050.8,1080.74,1048.68,1084.89,165887700
VNINDEX,20180423,1124.33,1076.78,1125.91,1076.78,1076.78,1076.78,1076.78,1127.24,194738310
VNINDEX,20180420,1095.84,1080.14,1109.06,1109.52,1114.4,1119.86,1078.01,1119.86,142511800
VNINDEX,20180419,1137.99,1094.63,1135.68,1094.63,1094.63,1094.63,1094.63,1138.53,183021470
VNINDEX,20180418,1153.28,1138.44,1159.79,1138.46,1138.49,1138.53,1138.42,1160.32,151852950
VNINDEX,20180417,1149.02,1140.28,1140.98,1141.08,1147.71,1153.28,1139.33,1156.7,139700810
VNINDEX,20180416,1156.54,1148.04,1144.29,1143.09,1145.21,1148.49,1141.81,1159.45,138539950
VNINDEX,20180413,1178.57,1156.41,1165.63,1154.52,1156.41,1157.14,1153.93,1181.52,156745070
VNINDEX,20180412,1162.48,1158.91,1158.88,1156.21,1166.77,1173.02,1153.64,1173.02,168721690
VNINDEX,20180411,1201.51,1167.11,1202.37,1167.11,1167.11,1167.11,1167.11,1202.46,245683030
VNINDEX,20180410,1207.62,1194.7,1210.1,1192.25,1194.82,1198.12,1192.22,1211.34,246293370
VNINDEX,20180409,1202.44,1199.24,1206.69,1198.48,1203.33,1204.33,1197.44,1207.45,222758940
VNINDEX,20180406,1194.15,1199.78,1199.55,1195.66,1199.51,1199.96,1193.17,1202.59,217438630
VNINDEX,20180405,1197.76,1192.82,1198.65,1190.82,1193.07,1193.17,1186.75,1199.15,186145860
VNINDEX,20180404,1194.26,1190.47,1200.48,1188.47,1188.74,1191.54,1188.29,1200.71,193661480
VNINDEX,20180403,1197,1188.22,1193.11,1186.15,1186.34,1188.29,1185.83,1199.93,217174790
VNINDEX,20180402,1180.26,1194.9,1178.57,1195.79,1177.21,1196.61,1174.46,1196.61,220648500
VNINDEX,20180330,1167.03,1159.29,1172.42,1161.58,1169.9,1174.46,1158.49,1175.36,150038040
VNINDEX,20180329,1174.73,1166.64,1172.19,1165.13,1165.83,1167.03,1164.12,1176.45,150007990
VNINDEX,20180328,1168.87,1167.88,1169.42,1171.94,1166.14,1172.24,1165.71,1179.18,164819000
VNINDEX,20180327,1187.42,1171.54,1182.09,1169.59,1170.32,1171.73,1169.58,1187.42,201079620
VNINDEX,20180326,1150.51,1158.79,1157.14,1151.36,1153.01,1171.22,1150.51,1176.95,175652330
VNINDEX,20180323,1154.25,1143.79,1168.57,1147.01,1138.9,1153.59,1138.53,1172.36,236809940
VNINDEX,20180322,1175.22,1171.47,1178.83,1172.25,1169.36,1172.36,1169.36,1180.44,215328410
VNINDEX,20180321,1166.51,1162.99,1163.28,1167.87,1168.05,1169.36,1159.39,1172.31,212626140
VNINDEX,20180320,1154.48,1158.25,1154.81,1157.17,1156.13,1159.39,1154.48,1166.33,189612780
VNINDEX,20180319,1158.16,1153.32,1156.18,1156.24,1151.05,1159.22,1150.19,1165.63,221426580
VNINDEX,20180316,1144.54,1141.55,1151.7,1146.7,1149.48,1150.19,1138.76,1152.52,259663510
VNINDEX,20180315,1134.51,1137.78,1134.46,1134.2,1131.98,1138.76,1129.66,1140.74,206757410
VNINDEX,20180314,1135.99,1136.81,1142.18,1134.32,1135.19,1138.09,1133.31,1142.88,222208670
VNINDEX,20180313,1126.53,1123.84,1127.26,1125.03,1132.94,1133.31,1118.49,1133.31,208056440
VNINDEX,20180312,1135.37,1123.48,1127.55,1125.23,1125.57,1126.29,1123.41,1135.48,196007230
VNINDEX,20180309,1128.73,1122.15,1125.23,1121.85,1123.33,1123.41,1119.18,1135.02,205262410
VNINDEX,20180308,1112.24,1114.62,1116.3,1120.89,1116.54,1124.15,1111.76,1126.35,186293670
VNINDEX,20180307,1121.99,1108.32,1117.63,1104.86,1109.26,1112.26,1103.29,1126.67,239649590
VNINDEX,20180306,1106.28,1103.31,1098.09,1111.89,1118.06,1120.29,1091.67,1120.29,210087900
VNINDEX,20180305,1129.92,1093.48,1102.42,1093.48,1093.48,1093.48,1093.48,1132.69,252480370
VNINDEX,20180302,1103.16,1110.29,1105.24,1109.49,1110.68,1121.21,1103.16,1121.91,187867230
VNINDEX,20180301,1121.54,1112.39,1123.74,1113.28,1112.45,1115.79,1110.92,1129.3,206848850
VNINDEX,20180228,1110.3,1119.48,1110.16,1117.85,1116.54,1121.54,1109.89,1129.89,213021280
VNINDEX,20180227,1124.03,1107.1,1114.85,1114.3,1109.96,1119.61,1106.77,1124.03,175173280
VNINDEX,20180226,1115.9,1104.9,1118.26,1108.1,1112.45,1114.53,1102.85,1127.57,221007650
VNINDEX,20180223,1086.81,1082.47,1077.44,1100.4,1092.05,1102.85,1076.03,1102.85,176860900
VNINDEX,20180222,1087.15,1074.33,1087.96,1074.65,1074.56,1076.03,1074.27,1091.62,184744120
VNINDEX,20180221,1073.33,1063.21,1090.62,1064.86,1066.27,1087.15,1059.73,1092.65,164692440
VNINDEX,20180213,1053.31,1049.38,1043.73,1048.54,1044.91,1059.73,1041.79,1060.48,157658460
VNINDEX,20180212,1011.64,1038.37,1005.47,1017.19,1024.61,1041.79,1003.94,1041.79,161845590
VNINDEX,20180209,991.09,987.21,995.81,979.92,974.28,1003.94,973.78,1023.25,199142350
VNINDEX,20180208,1031.46,1023.25,1036.93,1023.25,1023.25,1023.25,1023.25,1040.55,160428360
VNINDEX,20180207,1040.53,1018.58,1040.03,1026.42,1018.43,1040.55,1011.6,1048.54,208175340
VNINDEX,20180206,1026.08,996.1,1031.3,1003.19,1004.62,1011.6,983.06,1048.71,364062610
VNINDEX,20180205,1089.62,1048.71,1049.52,1048.71,1048.71,1048.71,1048.71,1105.04,247588300
VNINDEX,20180202,1098.66,1101.64,1102.05,1097.89,1096.04,1105.04,1091.06,1105.04,172355740
VNINDEX,20180201,1111.74,1093.05,1103.72,1099.65,1093.37,1099.67,1090.25,1111.74,232731350
VNINDEX,20180131,1112.23,1106.44,1123.72,1108.5,1108.87,1110.36,1104.98,1128.1,312604460
VNINDEX,20180130,1099.98,1101.09,1104.03,1103.73,1095.2,1110.56,1092.44,1110.56,287373350
VNINDEX,20180129,1121.78,1109.8,1115.28,1109.8,1109.8,1109.8,1109.8,1130.1,262950750
VNINDEX,20180126,1119.78,1109.36,1109.56,1114.21,1110.49,1115.64,1103.06,1123.83,260458080
VNINDEX,20180125,1098.44,1093.04,1098.13,1100.25,1102.12,1104.57,1087.42,1117.08,445093320
VNINDEX,20180122,1066.86,1068.56,1084.81,1073.07,1071.09,1087.42,1062.07,1088.05,245828390
VNINDEX,20180119,1054.33,1054.35,1057.1,1053.8,1059.31,1062.07,1050.25,1067.21,278991720
VNINDEX,20180118,1028.76,1035.47,1020.28,1031.01,1049.26,1050.25,1020.01,1050.25,255862000
VNINDEX,20180117,1061.98,1034.69,1063.71,1034.69,1034.69,1034.69,1034.69,1064.77,292935050
VNINDEX,20180116,1059.36,1056.84,1054.48,1053.05,1059.12,1062.96,1052.43,1065.39,293639170
VNINDEX,20180115,1049.91,1055.31,1057.51,1058.8,1048.79,1063.47,1043.15,1063.47,256162550
VNINDEX,20180112,1050.17,1046.84,1054.88,1047.87,1048.88,1050.11,1046.38,1057.88,320360390
VNINDEX,20180111,1037.03,1036.24,1044.71,1032.14,1042.28,1048.17,1031.13,1049.73,287475230
VNINDEX,20180110,1034.64,1036.06,1033.1,1034.2,1035.79,1038.11,1033.01,1045.63,341357050
VNINDEX,20180109,1027.14,1022.04,1023.18,1018.15,1018.28,1033.56,1017.86,1033.56,290084770
VNINDEX,20180108,1011.36,1018.8,1021.23,1018.07,1010.49,1022.9,1004.89,1022.9,234755510
VNINDEX,20180105,1020.34,1010.83,1019.59,1012.01,1011.26,1012.65,1010.65,1020.6,265519370
VNINDEX,20180104,1009.37,1018.07,1013.5,1015.39,1011.93,1019.75,1005.67,1019.75,235169670
VNINDEX,20180103,999.86,1001.7,997.44,999.6,1002.65,1005.67,995.77,1010.21,212432620
VNINDEX,20180102,986.05,992.75,994.77,991.29,988.5,995.77,984.24,996.18,172887390
